{"cameraMode":{"drawMode":0,"name":"Shaded","section":"Shading Mode"},"sceneLighting":false,"audioPlay":false,"sceneViewState":{"showFog":false,"showMaterialUpdate":false,"showSkybox":false,"showFlares":false,"showImageEffects":false,"showParticleSystems":true},"in2DMode":false,"pivot":{"x":0.009215101599693299,"y":-0.0025328509509563448,"z":-1.0},"rotation":{"x":0.02374448999762535,"y":0.14494688808918,"z":-0.0034784176386892797,"w":0.98915034532547},"size":0.2489597350358963,"orthographic":false}