{"cameraMode":{"drawMode":0,"name":"Shaded","section":"Shading Mode"},"sceneLighting":false,"audioPlay":false,"sceneViewState":{"showFog":false,"showMaterialUpdate":false,"showSkybox":false,"showFlares":false,"showImageEffects":false,"showParticleSystems":true},"in2DMode":false,"pivot":{"x":0.24422067403793336,"y":0.6976239681243897,"z":1.2510247230529786},"rotation":{"x":0.3138331472873688,"y":0.13244479894638062,"z":-0.04425854980945587,"w":0.9391526579856873},"size":5.6674675941467289,"orthographic":false}