{"cameraMode":{"drawMode":0,"name":"Shaded","section":"Shading Mode"},"sceneLighting":false,"audioPlay":false,"sceneViewState":{"showFog":false,"showMaterialUpdate":false,"showSkybox":false,"showFlares":false,"showImageEffects":false,"showParticleSystems":true},"in2DMode":false,"pivot":{"x":1.1920928955078126e-7,"y":0.5450708270072937,"z":1.1920928955078126e-7},"rotation":{"x":0.05477185174822807,"y":-0.15808746218681336,"z":0.008782969787716866,"w":0.9858672022819519},"size":4.350180625915527,"orthographic":false}