{"cameraMode":{"drawMode":0,"name":"Shaded","section":"Shading Mode"},"sceneLighting":false,"audioPlay":false,"sceneViewState":{"showFog":false,"showMaterialUpdate":false,"showSkybox":false,"showFlares":false,"showImageEffects":false,"showParticleSystems":true},"in2DMode":false,"pivot":{"x":-0.19599999487400056,"y":0.10799999535083771,"z":0.09700000286102295},"rotation":{"x":0.10129876434803009,"y":0.2551864981651306,"z":-0.02689267322421074,"w":0.9611981511116028},"size":0.4541564881801605,"orthographic":false}