{"cameraMode":{"drawMode":0,"name":"Shaded","section":"Shading Mode"},"sceneLighting":false,"audioPlay":false,"sceneViewState":{"showFog":false,"showMaterialUpdate":false,"showSkybox":false,"showFlares":false,"showImageEffects":false,"showParticleSystems":true},"in2DMode":false,"pivot":{"x":1.7881393432617188e-7,"y":0.38761720061302187,"z":2.086162567138672e-7},"rotation":{"x":0.005751648917794228,"y":0.9939848780632019,"z":-0.08850788325071335,"w":0.06450161337852478},"size":2.2155652046203615,"orthographic":false}