{"cameraMode":{"drawMode":0,"name":"Shaded","section":"Shading Mode"},"sceneLighting":false,"audioPlay":false,"sceneViewState":{"showFog":false,"showMaterialUpdate":false,"showSkybox":false,"showFlares":false,"showImageEffects":false,"showParticleSystems":true},"in2DMode":false,"pivot":{"x":0.0,"y":0.17800000309944154,"z":0.15800000727176667},"rotation":{"x":0.02374448999762535,"y":0.14494688808918,"z":-0.0034784176386892797,"w":0.98915034532547},"size":1.3119440078735352,"orthographic":false}