{"cameraMode":{"drawMode":0,"name":"Shaded","section":"Shading Mode"},"sceneLighting":false,"audioPlay":false,"sceneViewState":{"showFog":false,"showMaterialUpdate":false,"showSkybox":false,"showFlares":false,"showImageEffects":false,"showParticleSystems":true},"in2DMode":false,"pivot":{"x":18.169788360595704,"y":-3.0727858543395998,"z":-14.069876670837403},"rotation":{"x":0.2462434619665146,"y":0.34120190143585207,"z":-0.09310869872570038,"w":0.9023731350898743},"size":5.7157673835754398,"orthographic":false}