{"cameraMode":{"drawMode":0,"name":"Shaded","section":"Shading Mode"},"sceneLighting":false,"audioPlay":false,"sceneViewState":{"showFog":false,"showMaterialUpdate":false,"showSkybox":false,"showFlares":false,"showImageEffects":false,"showParticleSystems":true},"in2DMode":false,"pivot":{"x":2.980232238769531e-7,"y":0.5636450052261353,"z":2.980232238769531e-7},"rotation":{"x":0.12112882733345032,"y":0.32782986760139468,"z":-0.042424578219652179,"w":0.9359820485115051},"size":2.052086591720581,"orthographic":false}