{"cameraMode":{"drawMode":0,"name":"Shaded","section":"Shading Mode"},"sceneLighting":false,"audioPlay":false,"sceneViewState":{"showFog":false,"showMaterialUpdate":false,"showSkybox":false,"showFlares":false,"showImageEffects":false,"showParticleSystems":true},"in2DMode":false,"pivot":{"x":0.16599999368190766,"y":0.13300000131130219,"z":0.08100000023841858},"rotation":{"x":0.28159716725349429,"y":0.2755979895591736,"z":-0.08480003476142883,"w":0.9151862263679504},"size":0.5715768337249756,"orthographic":false}